Text,label
Government to drop asylum hotel provider,Politics
Peers seek tax rise safeguards for health workers,Politics
"Government can be more efficient, says Keir Starmer",Politics
"Not appropriate to take free tickets, minister says",Politics
Faisal Islam: No tax rises and no return to austerity but will it last?,Politics
Reform name candidate for by-election,Politics
When is the Spring Statement and what could Rachel Reeves announce?,Politics
Reeves confirms 15% cut to Civil Service running costs,Politics
Reeves defends taking free Sabrina Carpenter tickets,Politics
The small-town mayor accused of trafficking and spying for China,Politics
Japan court dissolves controversial 'Moonies' church,Politics
China frees staff of US consultancy firm after two years,Politics
"Brisbane to build 63,000-seater stadium for 2032 Games",Politics
"Palestinian Oscar winner detained by Israeli soldiers after settler attack, activists say",Politics
Chris Mason: Difficult trade-offs loom for Labour in Spring Statement,Politics
Unsustainable financial pressure' on homeless services - report,Politics
the small-town mayor accused of trafficking and spying for China,Politics
No royal visit during Liberation commemorations,Politics
UK hosts military leaders to work on Ukraine plans,Politics
Harry's US visa records unsealed after drug claims,Politics
Royal Mail launches mythical creatures stamp collection,Politics
"Prince Harry, Duke of Sussex, pictured in a dark suit against a black backdrop",Politics
Sailings brought forward over harbour conditions,Politics
BBC travels out to 'blistered and burnt' oil tanker in North Sea,Politics
Watch moment cargo ship and oil tanker collide in North Sea,Politics
Arrest warrant issued for member of cult exposed by BBC,Politics
King and Kate return to annual Commonwealth service,Politics
Two arrested after incident at Bristol Airport,Politics
King's Commonwealth message of unity in 'uncertain times',Politics
Migrant dies attempting to cross English Channel,Politics
Chinese electric carmaker BYD sales beat Tesla,Business
Hyundai unveils $21bn US expansion as Trump tariffs loom,Business
China frees staff of US consultancy firm after two years,Business
AI job application rise 'risks hiring incapable staff',Business
Trump threatens tariffs on buyers of Venezuelan oil,Business
Meta considers charging for ad-free Facebook and Instagram in the UK,Business
"Heathrow closure deeply concerning, says PM",Business
Disney's Snow White film tops box office despite bad reviews,Business
National Grid boss says Heathrow had 'enough power',Business
When is the Spring Statement and what could Rachel Reeves announce?,Business
Reeves confirms 15% cut to Civil Service running costs,Business
End of hedonism? Why Britain turned its back on clubbing,Business
Facebook to stop targeting ads at UK woman after legal fight,Business
UK chancellor: I will not 'tax and spend',Business
"UK TV industry in crisis, says Wolf Hall director",Business
"Canada can win trade war with US, foreign affairs minister Mélanie Joly says",Business
The surprising persistence of typewriters,Business
Disney's Snow White film tops box office despite bad reviews,Business
What makes a rum Jamaican? Question at heart of Caribbean legal dispute,Business
Trump rescinds order targeting law firm after it makes $40m promise,Business
National Grid boss says Heathrow had 'enough power,Business
USAID: What happened when the funding stopped,Business
Business Daily meets: Sim Tshabalala,Business
Myanmar scam: A victim's story,Business
Chinese EV giant BYD outpaces Tesla with annual sales of more than $100 billion,Business
Moscow blames Ukraine for deadlock over ceasefire deal talks,Business
"Samsung Electronics co-CEO Han Jong-hee, 63, dies of heart attack",Business
"Trump pledges auto, pharma tariffs in ‘near future,’ sowing more trade confusion",Business
"India eyes tariff cuts on $23 billion of U.S. imports to shield $66 billion in exports, Reuters reports",Business
Register now: Applications open for the world’s top fintech companies of 2025 list,Business
Trump says countries that purchase oil from Venezuela will pay 25% tariff on any trade with U.S.,Business
Heathrow Airport closes Friday after substation fire causes power outage,Business
PepsiCo buys prebiotic soda brand Poppi for nearly $2 billion,Business
"Klarna, nearing IPO, plucks Walmart fintech partnership from rival Affirm",Business
"Goodbye to ‘bags fly free’ on Southwest Airlines, the last freebie in America",Business
"Consumers are starting to crack as tariffs add to inflation, recession concerns",Business
UK draws up new disease-threat watch list,Health
Celebrity butt-lift injector who left women with sepsis exposed by BBC,Health
Guillain-Barre syndrome: India faces outbreak of creeping paralysis,Health
Software bug at firm left NHS data 'vulnerable to hackers',Health
Common vaginal 'imbalance' may be an STI,Health
Husband's anger after wife dies of missed sepsis,Health
Covid five years on: How BBC journalists covered the crisis in India.,Health
HIV and hepatitis screening for A&E patients,Health
Weight of responsibility' - Covid five years on,Health
The Liverpool team preparing for future pandemics,Health
"Man begins 3,000-mile bike ride across the US",Health
Community hub helping post-pandemic struggles,Health
"Gaps in Wales' Covid response, says committee",Health
"Another pandemic inevitable, virologist warns",Health
Hospital inquiry calls for information to help with final report,Health
Helpline's 'huge impact' on rural mental health,Health
Welfare cuts worry workers with learning difficulties,Health
Kidney transplant has boy high-fiving and thriving,Health
NHS Tayside halts new ADHD and autism referrals to CAMHS,Health
NHS staff to strike for nine more days in pay row,Health
Police issue plea for lost ADHD medication,Health
Black communities asked to join health research,Health
Vaccine success 'most profound moment of my life',Health
Baby with rare blood disorder finds stem cell donor,Health
Children's tooth decay issues tackled in schools,Health
Care provider rated 'outstanding' by regulator,Health
Texas authorities arrest midwife for allegedly providing abortions,Health
Hospital appoints nurse for armed forces patients,Health
Warning of food allergy death after 'near misses',Health
A Wall of Hearts: The guardians of the Covid memorial,Health
"Mental health conditions are overdiagnosed, Streeting says",Health
Daughter's wedding celebrated at hospice for mum,Health
Big weight swings 'increase risk of death',Health
Raising awareness of dementia carers through theatre,Health
